epoca,perdida_train,perdida_val,auc_val,sens_val,esp_val,segundos
1,0.9657576038815929,0.6272677425278073,0.5852822580645162,0.15625,0.9290322580645162,28.272910118103027
2,0.9426638802473288,0.6398507586773229,0.4967741935483871,0.0625,0.9032258064516129,27.732304096221924
3,0.9133525079128771,0.9800398060464031,0.5426411290322581,0.9375,0.0967741935483871,27.784907579421997
4,0.8917122170225318,0.7750677546283463,0.5121975806451613,0.59375,0.4129032258064516,27.748236179351807
5,0.8523925901316715,0.715442627477515,0.5109879032258065,0.25,0.7612903225806451,27.721155166625977
6,0.8190916422595035,0.9509472284748919,0.5319556451612903,0.6875,0.3032258064516129,27.74130153656006
7,0.7736486583447971,0.7293715509709587,0.5228830645161291,0.09375,0.9419354838709677,27.74450993537903
8,0.7239948676960533,0.7672585990596886,0.5438508064516129,0.265625,0.8193548387096774,27.748130083084106
9,0.6724827236842859,0.8530556530660156,0.49445564516129037,0.15625,0.8451612903225807,27.73205304145813
10,0.6054859756742905,0.9674729080453228,0.49828629032258065,0.125,0.832258064516129,27.77092671394348
11,0.5647899052203689,0.8792864916418413,0.5213709677419355,0.25,0.8903225806451613,27.767287492752075
